{"Items":[{"name":"prefab_vacuumCleaner(Clone)","address":"Assets/prefab_vacuumCleaner.prefab","uuid":"5c9756edce3a476896c35f5ff7bf8ab0","position":{"x":0.16599999368190766,"y":0.5693358182907105,"z":0.0},"rotation":{"x":8.363818970735793e-9,"y":-0.9238793849945068,"z":-2.0192025829146588e-8,"w":0.38268375396728518},"scale":{"x":1.0,"y":1.0,"z":1.0}},{"name":"prefab_cube(Clone)","address":"Assets/prefab_cube.prefab","uuid":"11156185798043d1b758cea69a5a983b","position":{"x":0.0,"y":0.06973031908273697,"z":0.0},"rotation":{"x":0.0,"y":0.0,"z":0.0,"w":1.0},"scale":{"x":3.5525460243225099,"y":1.0,"z":4.566286563873291}},{"name":"prefab_screw(Clone)","address":"Assets/prefab_screw.prefab","uuid":"12cacbac1b064e5bbeaefe6b7b16b846","position":{"x":0.0,"y":0.45719289779663088,"z":1.0425735712051392},"rotation":{"x":0.0,"y":0.0,"z":0.0,"w":1.0},"scale":{"x":100.0,"y":100.0,"z":100.0}}]}
