{"Items":[{"name":"prefab_cube(Clone)","address":"Assets/prefab_cube.prefab","uuid":"0f3feb0959474f25a5eea2a89f600391","position":{"x":2.5390608310699465,"y":0.0,"z":0.0},"rotation":{"x":0.0,"y":0.0,"z":0.0,"w":1.0},"scale":{"x":1.0,"y":1.0,"z":1.0}},{"name":"prefab_screw(Clone)","address":"Assets/prefab_screw.prefab","uuid":"66fc569a35d04347b16bdc4feeb28ffe","position":{"x":2.4102535247802736,"y":-0.1894940286874771,"z":1.1166514158248902},"rotation":{"x":0.0,"y":0.0,"z":0.0,"w":1.0},"scale":{"x":100.0,"y":100.0,"z":100.0}},{"name":"prefab_screw(Clone)","address":"Assets/prefab_screw.prefab","uuid":"70b60b1258414d9984f88b14c8fe27c8","position":{"x":2.767969846725464,"y":-0.20354105532169343,"z":-1.2348030805587769},"rotation":{"x":0.0,"y":-0.9998611211776733,"z":0.0,"w":-0.016665253788232805},"scale":{"x":100.0,"y":100.0,"z":100.0}}]}
