{"Items":[{"name":"prefab_vacuumCleaner(Clone)","address":"Assets/prefab_vacuumCleaner.prefab","uuid":"54b686c934c14abb988fe2b1be1e2e36","position":{"x":1.525636911392212,"y":0.0,"z":0.0},"rotation":{"x":8.363818970735793e-9,"y":-0.9238793849945068,"z":-2.0192025829146588e-8,"w":0.38268375396728518},"scale":{"x":1.0,"y":1.0,"z":1.0}},{"name":"prefab_cube(Clone)","address":"Assets/prefab_cube.prefab","uuid":"686b083860ee4b36883e6e4551592e96","position":{"x":0.0,"y":0.0,"z":0.0},"rotation":{"x":0.0,"y":0.0,"z":0.0,"w":1.0},"scale":{"x":1.0,"y":1.0,"z":1.0}}]}
